-- MySQL dump 10.13  Distrib 5.5.40, for debian-linux-gnu (x86_64)
--
-- Host: localhost    Database: forge
-- ------------------------------------------------------
-- Server version	5.5.40-0ubuntu1

/*!40101 SET @OLD_CHARACTER_SET_CLIENT=@@CHARACTER_SET_CLIENT */;
/*!40101 SET @OLD_CHARACTER_SET_RESULTS=@@CHARACTER_SET_RESULTS */;
/*!40101 SET @OLD_COLLATION_CONNECTION=@@COLLATION_CONNECTION */;
/*!40101 SET NAMES utf8 */;
/*!40103 SET @OLD_TIME_ZONE=@@TIME_ZONE */;
/*!40103 SET TIME_ZONE='+00:00' */;
/*!40014 SET @OLD_UNIQUE_CHECKS=@@UNIQUE_CHECKS, UNIQUE_CHECKS=0 */;
/*!40014 SET @OLD_FOREIGN_KEY_CHECKS=@@FOREIGN_KEY_CHECKS, FOREIGN_KEY_CHECKS=0 */;
/*!40101 SET @OLD_SQL_MODE=@@SQL_MODE, SQL_MODE='NO_AUTO_VALUE_ON_ZERO' */;
/*!40111 SET @OLD_SQL_NOTES=@@SQL_NOTES, SQL_NOTES=0 */;

--
-- Table structure for table `groups`
--

DROP TABLE IF EXISTS `groups`;
/*!40101 SET @saved_cs_client     = @@character_set_client */;
/*!40101 SET character_set_client = utf8 */;
CREATE TABLE `groups` (
  `id` int(10) unsigned NOT NULL AUTO_INCREMENT,
  `name` varchar(255) COLLATE utf8_unicode_ci NOT NULL,
  `permissions` text COLLATE utf8_unicode_ci,
  `created_at` timestamp NOT NULL DEFAULT '0000-00-00 00:00:00',
  `updated_at` timestamp NOT NULL DEFAULT '0000-00-00 00:00:00',
  PRIMARY KEY (`id`),
  UNIQUE KEY `groups_name_unique` (`name`)
) ENGINE=InnoDB AUTO_INCREMENT=3 DEFAULT CHARSET=utf8 COLLATE=utf8_unicode_ci;
/*!40101 SET character_set_client = @saved_cs_client */;

--
-- Dumping data for table `groups`
--

LOCK TABLES `groups` WRITE;
/*!40000 ALTER TABLE `groups` DISABLE KEYS */;
INSERT INTO `groups` VALUES (1,'Administrator','{\"admin\":1,\"user\":1}','2014-12-01 00:21:42','2014-12-01 00:21:42'),(2,'User','{\"user\":1}','2014-12-01 00:21:42','2014-12-01 00:21:42');
/*!40000 ALTER TABLE `groups` ENABLE KEYS */;
UNLOCK TABLES;

--
-- Table structure for table `images`
--

DROP TABLE IF EXISTS `images`;
/*!40101 SET @saved_cs_client     = @@character_set_client */;
/*!40101 SET character_set_client = utf8 */;
CREATE TABLE `images` (
  `id` int(10) unsigned NOT NULL AUTO_INCREMENT,
  `listing_id` int(10) unsigned NOT NULL,
  `filename` varchar(255) COLLATE utf8_unicode_ci NOT NULL,
  `created_at` timestamp NOT NULL DEFAULT '0000-00-00 00:00:00',
  `updated_at` timestamp NOT NULL DEFAULT '0000-00-00 00:00:00',
  PRIMARY KEY (`id`)
) ENGINE=InnoDB AUTO_INCREMENT=91 DEFAULT CHARSET=utf8 COLLATE=utf8_unicode_ci;
/*!40101 SET character_set_client = @saved_cs_client */;

--
-- Dumping data for table `images`
--

LOCK TABLES `images` WRITE;
/*!40000 ALTER TABLE `images` DISABLE KEYS */;
INSERT INTO `images` VALUES (1,1,'http://lorempixel.com/700/523/nature/','2014-12-01 00:21:48','2014-12-01 00:21:48'),(2,1,'http://lorempixel.com/700/523/nature/','2014-12-01 00:21:48','2014-12-01 00:21:48'),(3,1,'http://lorempixel.com/700/523/city/','2014-12-01 00:21:48','2014-12-01 00:21:48'),(4,2,'http://lorempixel.com/700/523/nature/','2014-12-01 00:21:48','2014-12-01 00:21:48'),(5,2,'http://lorempixel.com/700/523/nature/','2014-12-01 00:21:48','2014-12-01 00:21:48'),(6,2,'http://lorempixel.com/700/523/city/','2014-12-01 00:21:48','2014-12-01 00:21:48'),(7,3,'http://lorempixel.com/700/523/nature/','2014-12-01 00:21:48','2014-12-01 00:21:48'),(8,3,'http://lorempixel.com/700/523/nature/','2014-12-01 00:21:48','2014-12-01 00:21:48'),(9,3,'http://lorempixel.com/700/523/city/','2014-12-01 00:21:48','2014-12-01 00:21:48'),(10,4,'http://lorempixel.com/700/523/nature/','2014-12-01 00:21:48','2014-12-01 00:21:48'),(11,4,'http://lorempixel.com/700/523/nature/','2014-12-01 00:21:48','2014-12-01 00:21:48'),(12,4,'http://lorempixel.com/700/523/city/','2014-12-01 00:21:48','2014-12-01 00:21:48'),(13,5,'http://lorempixel.com/700/523/nature/','2014-12-01 00:21:48','2014-12-01 00:21:48'),(14,5,'http://lorempixel.com/700/523/nature/','2014-12-01 00:21:48','2014-12-01 00:21:48'),(15,5,'http://lorempixel.com/700/523/city/','2014-12-01 00:21:48','2014-12-01 00:21:48'),(16,6,'http://lorempixel.com/700/523/nature/','2014-12-01 00:21:48','2014-12-01 00:21:48'),(17,6,'http://lorempixel.com/700/523/nature/','2014-12-01 00:21:48','2014-12-01 00:21:48'),(18,6,'http://lorempixel.com/700/523/city/','2014-12-01 00:21:48','2014-12-01 00:21:48'),(19,7,'http://lorempixel.com/700/523/nature/','2014-12-01 00:21:48','2014-12-01 00:21:48'),(20,7,'http://lorempixel.com/700/523/nature/','2014-12-01 00:21:48','2014-12-01 00:21:48'),(21,7,'http://lorempixel.com/700/523/city/','2014-12-01 00:21:48','2014-12-01 00:21:48'),(22,8,'http://lorempixel.com/700/523/nature/','2014-12-01 00:21:48','2014-12-01 00:21:48'),(23,8,'http://lorempixel.com/700/523/nature/','2014-12-01 00:21:48','2014-12-01 00:21:48'),(24,8,'http://lorempixel.com/700/523/city/','2014-12-01 00:21:48','2014-12-01 00:21:48'),(25,9,'http://lorempixel.com/700/523/nature/','2014-12-01 00:21:48','2014-12-01 00:21:48'),(26,9,'http://lorempixel.com/700/523/nature/','2014-12-01 00:21:48','2014-12-01 00:21:48'),(27,9,'http://lorempixel.com/700/523/city/','2014-12-01 00:21:48','2014-12-01 00:21:48'),(28,10,'http://lorempixel.com/700/523/nature/','2014-12-01 00:21:48','2014-12-01 00:21:48'),(29,10,'http://lorempixel.com/700/523/nature/','2014-12-01 00:21:48','2014-12-01 00:21:48'),(30,10,'http://lorempixel.com/700/523/city/','2014-12-01 00:21:48','2014-12-01 00:21:48'),(31,11,'http://lorempixel.com/700/523/nature/','2014-12-01 00:21:48','2014-12-01 00:21:48'),(32,11,'http://lorempixel.com/700/523/nature/','2014-12-01 00:21:48','2014-12-01 00:21:48'),(33,11,'http://lorempixel.com/700/523/city/','2014-12-01 00:21:48','2014-12-01 00:21:48'),(34,12,'http://lorempixel.com/700/523/nature/','2014-12-01 00:21:48','2014-12-01 00:21:48'),(35,12,'http://lorempixel.com/700/523/nature/','2014-12-01 00:21:48','2014-12-01 00:21:48'),(36,12,'http://lorempixel.com/700/523/city/','2014-12-01 00:21:48','2014-12-01 00:21:48'),(37,13,'http://lorempixel.com/700/523/nature/','2014-12-01 00:21:48','2014-12-01 00:21:48'),(38,13,'http://lorempixel.com/700/523/nature/','2014-12-01 00:21:48','2014-12-01 00:21:48'),(39,13,'http://lorempixel.com/700/523/city/','2014-12-01 00:21:48','2014-12-01 00:21:48'),(40,14,'http://lorempixel.com/700/523/nature/','2014-12-01 00:21:48','2014-12-01 00:21:48'),(41,14,'http://lorempixel.com/700/523/nature/','2014-12-01 00:21:48','2014-12-01 00:21:48'),(42,14,'http://lorempixel.com/700/523/city/','2014-12-01 00:21:48','2014-12-01 00:21:48'),(43,15,'http://lorempixel.com/700/523/nature/','2014-12-01 00:21:48','2014-12-01 00:21:48'),(44,15,'http://lorempixel.com/700/523/nature/','2014-12-01 00:21:48','2014-12-01 00:21:48'),(45,15,'http://lorempixel.com/700/523/city/','2014-12-01 00:21:48','2014-12-01 00:21:48'),(46,16,'http://lorempixel.com/700/523/nature/','2014-12-01 00:21:48','2014-12-01 00:21:48'),(47,16,'http://lorempixel.com/700/523/nature/','2014-12-01 00:21:48','2014-12-01 00:21:48'),(48,16,'http://lorempixel.com/700/523/city/','2014-12-01 00:21:48','2014-12-01 00:21:48'),(49,17,'http://lorempixel.com/700/523/nature/','2014-12-01 00:21:48','2014-12-01 00:21:48'),(50,17,'http://lorempixel.com/700/523/nature/','2014-12-01 00:21:48','2014-12-01 00:21:48'),(51,17,'http://lorempixel.com/700/523/city/','2014-12-01 00:21:48','2014-12-01 00:21:48'),(52,18,'http://lorempixel.com/700/523/nature/','2014-12-01 00:21:48','2014-12-01 00:21:48'),(53,18,'http://lorempixel.com/700/523/nature/','2014-12-01 00:21:48','2014-12-01 00:21:48'),(54,18,'http://lorempixel.com/700/523/city/','2014-12-01 00:21:48','2014-12-01 00:21:48'),(55,19,'http://lorempixel.com/700/523/nature/','2014-12-01 00:21:48','2014-12-01 00:21:48'),(56,19,'http://lorempixel.com/700/523/nature/','2014-12-01 00:21:48','2014-12-01 00:21:48'),(57,19,'http://lorempixel.com/700/523/city/','2014-12-01 00:21:48','2014-12-01 00:21:48'),(58,20,'http://lorempixel.com/700/523/nature/','2014-12-01 00:21:48','2014-12-01 00:21:48'),(59,20,'http://lorempixel.com/700/523/nature/','2014-12-01 00:21:48','2014-12-01 00:21:48'),(60,20,'http://lorempixel.com/700/523/city/','2014-12-01 00:21:48','2014-12-01 00:21:48'),(61,21,'http://lorempixel.com/700/523/nature/','2014-12-01 00:21:48','2014-12-01 00:21:48'),(62,21,'http://lorempixel.com/700/523/nature/','2014-12-01 00:21:48','2014-12-01 00:21:48'),(63,21,'http://lorempixel.com/700/523/city/','2014-12-01 00:21:48','2014-12-01 00:21:48'),(64,22,'http://lorempixel.com/700/523/nature/','2014-12-01 00:21:48','2014-12-01 00:21:48'),(65,22,'http://lorempixel.com/700/523/nature/','2014-12-01 00:21:48','2014-12-01 00:21:48'),(66,22,'http://lorempixel.com/700/523/city/','2014-12-01 00:21:48','2014-12-01 00:21:48'),(67,23,'http://lorempixel.com/700/523/nature/','2014-12-01 00:21:48','2014-12-01 00:21:48'),(68,23,'http://lorempixel.com/700/523/nature/','2014-12-01 00:21:48','2014-12-01 00:21:48'),(69,23,'http://lorempixel.com/700/523/city/','2014-12-01 00:21:48','2014-12-01 00:21:48'),(70,24,'http://lorempixel.com/700/523/nature/','2014-12-01 00:21:48','2014-12-01 00:21:48'),(71,24,'http://lorempixel.com/700/523/nature/','2014-12-01 00:21:48','2014-12-01 00:21:48'),(72,24,'http://lorempixel.com/700/523/city/','2014-12-01 00:21:48','2014-12-01 00:21:48'),(73,25,'http://lorempixel.com/700/523/nature/','2014-12-01 00:21:48','2014-12-01 00:21:48'),(74,25,'http://lorempixel.com/700/523/nature/','2014-12-01 00:21:48','2014-12-01 00:21:48'),(75,25,'http://lorempixel.com/700/523/city/','2014-12-01 00:21:48','2014-12-01 00:21:48'),(76,26,'http://lorempixel.com/700/523/nature/','2014-12-01 00:21:48','2014-12-01 00:21:48'),(77,26,'http://lorempixel.com/700/523/nature/','2014-12-01 00:21:48','2014-12-01 00:21:48'),(78,26,'http://lorempixel.com/700/523/city/','2014-12-01 00:21:48','2014-12-01 00:21:48'),(79,27,'http://lorempixel.com/700/523/nature/','2014-12-01 00:21:48','2014-12-01 00:21:48'),(80,27,'http://lorempixel.com/700/523/nature/','2014-12-01 00:21:48','2014-12-01 00:21:48'),(81,27,'http://lorempixel.com/700/523/city/','2014-12-01 00:21:48','2014-12-01 00:21:48'),(82,28,'http://lorempixel.com/700/523/nature/','2014-12-01 00:21:48','2014-12-01 00:21:48'),(83,28,'http://lorempixel.com/700/523/nature/','2014-12-01 00:21:48','2014-12-01 00:21:48'),(84,28,'http://lorempixel.com/700/523/city/','2014-12-01 00:21:48','2014-12-01 00:21:48'),(85,29,'http://lorempixel.com/700/523/nature/','2014-12-01 00:21:48','2014-12-01 00:21:48'),(86,29,'http://lorempixel.com/700/523/nature/','2014-12-01 00:21:48','2014-12-01 00:21:48'),(87,29,'http://lorempixel.com/700/523/city/','2014-12-01 00:21:48','2014-12-01 00:21:48'),(88,30,'http://lorempixel.com/700/523/nature/','2014-12-01 00:21:48','2014-12-01 00:21:48'),(89,30,'http://lorempixel.com/700/523/nature/','2014-12-01 00:21:48','2014-12-01 00:21:48'),(90,30,'http://lorempixel.com/700/523/city/','2014-12-01 00:21:48','2014-12-01 00:21:48');
/*!40000 ALTER TABLE `images` ENABLE KEYS */;
UNLOCK TABLES;

--
-- Table structure for table `listings`
--

DROP TABLE IF EXISTS `listings`;
/*!40101 SET @saved_cs_client     = @@character_set_client */;
/*!40101 SET character_set_client = utf8 */;
CREATE TABLE `listings` (
  `id` int(10) unsigned NOT NULL AUTO_INCREMENT,
  `user_id` int(10) unsigned NOT NULL,
  `title` varchar(255) COLLATE utf8_unicode_ci NOT NULL,
  `address` varchar(255) COLLATE utf8_unicode_ci NOT NULL,
  `place_id` int(10) unsigned NOT NULL,
  `geo_x` decimal(10,6) NOT NULL,
  `geo_y` decimal(10,6) NOT NULL,
  `description` text COLLATE utf8_unicode_ci NOT NULL,
  `website` varchar(255) COLLATE utf8_unicode_ci NOT NULL,
  `created_at` timestamp NOT NULL DEFAULT '0000-00-00 00:00:00',
  `updated_at` timestamp NOT NULL DEFAULT '0000-00-00 00:00:00',
  PRIMARY KEY (`id`),
  UNIQUE KEY `listings_title_unique` (`title`)
) ENGINE=InnoDB AUTO_INCREMENT=31 DEFAULT CHARSET=utf8 COLLATE=utf8_unicode_ci;
/*!40101 SET character_set_client = @saved_cs_client */;

--
-- Dumping data for table `listings`
--

LOCK TABLES `listings` WRITE;
/*!40000 ALTER TABLE `listings` DISABLE KEYS */;
INSERT INTO `listings` VALUES (1,1,'Autem ut culpa nihil.','1568 Brown Prairie',10000,45.818852,16.047514,'Non ut doloremque assumenda totam molestiae culpa. Corporis et quasi autem in neque sit. Tempore aut repellat sit magnam harum a. Cum sint sed ut. Rerum eius velit blanditiis. Architecto a quia qui error inventore aut. Accusantium iste fuga dolore eaque facere assumenda. Esse at provident recusandae. Harum et alias dolor cum culpa consequatur nihil. Nesciunt a ullam quidem aut culpa molestiae accusamus. Aliquam nesciunt nemo laboriosam excepturi et perferendis molestias. Nobis et facilis dolor tempora. Harum sint saepe ab animi labore voluptates. Ea aut repellat tenetur eaque beatae neque amet quo. Officia accusantium natus autem est sunt quia. Aperiam enim eligendi id quia odit molestiae voluptatem. Ut sint qui ratione totam commodi. Voluptas et pariatur sint consequatur unde accusantium. Perferendis consequuntur et eius aut. In quod tempore dolores consectetur incidunt et. Qui minus dolor nobis excepturi. Ullam error eum distinctio quo. Velit quasi explicabo voluptatem expedita. Autem ea temporibus tenetur vel. Autem deserunt dicta et ullam voluptas dolor. Et dolores mollitia enim distinctio quisquam ad. Sequi dolor labore hic ipsa et eum labore. Odio est quasi beatae enim soluta voluptates est cum. Dolorem cum vitae ut velit alias. Sunt alias iusto ad vel culpa consequatur.','http://jakubowskiprohaska.com','2014-12-01 00:21:48','2014-12-01 00:21:48'),(2,1,'Autem beatae iure recusandae in ex.','3003 Kovacek Viaduct Suite 833',10000,45.784363,16.073510,'Suscipit ipsum tenetur nam quia omnis odio quisquam. Quia vero earum vitae dolorum beatae laborum. Autem dolorem ratione ullam voluptates aliquid vel temporibus. Quae quis temporibus sequi voluptatem velit. Voluptas quasi ut maxime totam et architecto aut. Asperiores magni aut eligendi fugiat pariatur est eaque aut. Fugit aperiam vel nisi similique maiores vitae. Ex voluptatem esse rem est dolores. Sit ad et minus maiores. Qui voluptas aliquam ea dolorem occaecati. Vero laudantium velit ut repudiandae fugiat in. Ipsa deleniti culpa repellat quos quis. Assumenda molestiae facere sed. Consequatur qui molestiae laudantium et exercitationem. Voluptatibus rerum voluptatibus et. Quia eos maxime numquam optio quia nisi iste commodi. Sequi aut enim mollitia. Iure asperiores vitae distinctio sint quia omnis quae.','http://pouros.info','2014-12-01 00:21:48','2014-12-01 00:21:48'),(3,1,'Quasi molestiae suscipit veniam.','9821 Vivien Meadow',10000,45.773862,16.016969,'Rerum quia voluptates deserunt et consectetur cumque. Deserunt incidunt explicabo delectus modi est. Ut aliquid et rerum reiciendis officia dolores officiis. Voluptatum praesentium molestiae architecto ducimus dolore incidunt. Laboriosam voluptate quidem repellendus qui quo molestias. Quas omnis dolore enim voluptatem aut numquam asperiores. Consequatur sint nihil sit delectus sunt ut ut. Ipsam nihil impedit ad consequatur est accusamus explicabo. Enim provident eius reiciendis nobis sapiente et ipsam. Iure qui porro est fuga adipisci dolores. Nisi doloremque quasi eum. Qui praesentium natus doloribus quo veritatis. Molestiae sunt animi alias qui fugiat sint. Eos temporibus aliquam illo velit. Animi totam repellendus occaecati rem architecto. Nostrum rem quae consequatur eius labore. Minima quas reprehenderit iste ad eius omnis sunt. Qui praesentium necessitatibus quia sit error occaecati veniam facere. Fugiat minima atque sed id. Doloribus sunt doloribus et eos aut molestias. Non et velit distinctio voluptas. Non eum repellat voluptas et eum. Quo dicta quos quam est autem amet. Iure quidem rerum illum ut ipsam. Ut vero et in velit similique. Eveniet natus officiis distinctio nulla. Est sunt non dolorum similique soluta id. Qui voluptas nobis cupiditate odio voluptatem illo. At reiciendis repellendus qui qui. Rerum ipsam ut dolor velit deleniti vitae quod. Aut quis ut at ipsum autem. Dicta libero et sed repellendus eaque molestiae.','http://kub.info','2014-12-01 00:21:48','2014-12-01 00:21:48'),(4,2,'Adipisci nesciunt ea et ducimus.','187 Dora Garden',10000,45.873529,16.056877,'Sunt minus aut sit minima ipsum odio. Et assumenda non ex. Eos in sit alias repellat illo quaerat libero. A sit quibusdam soluta placeat. Vel mollitia aut explicabo alias omnis et occaecati dolores. Nostrum quos omnis perspiciatis et. Quis doloribus iste et hic eveniet tempore. Ea consequatur ut non dignissimos. Est cumque hic necessitatibus veniam aliquid repudiandae. Esse velit repellat fugit. Beatae quia fugit totam cupiditate vel. Placeat aut provident fugit temporibus. Quae minima officiis et rerum et aperiam repudiandae. Tempore magni ut consequatur omnis tenetur. Recusandae ratione in tempora provident voluptas et. Id vel iusto eaque nostrum recusandae ut. Rerum minima velit impedit eius iste ratione repellendus nihil. Voluptatem repellat rerum aut dolor quia sunt. Error optio et nam sapiente dignissimos esse voluptatem omnis. Architecto aut dignissimos repudiandae odit et eius est id. Eius culpa placeat omnis asperiores tenetur sed. Asperiores ratione accusamus dolores qui suscipit accusamus. Qui necessitatibus fuga repudiandae consectetur laudantium voluptas nihil. Molestiae officia vel laudantium eum voluptatem nobis. Dicta qui nobis et nobis blanditiis.','http://bosco.biz','2014-12-01 00:21:48','2014-12-01 00:21:48'),(5,2,'Officiis sint sed optio et commodi quo enim.','685 Arely Court Apt. 615',10000,45.823204,15.966722,'Nobis laborum provident accusantium exercitationem vel. Perspiciatis eligendi a et fuga aperiam voluptas saepe. Voluptatem harum eum ut vel. Nihil consequatur aut qui autem sit magnam quia. Soluta non rerum quia est. Modi ullam accusamus veniam eum voluptas corrupti dolorem. Ea dolorem dolorum enim perspiciatis quis. Sit blanditiis ea aut officia. In possimus iusto non. Aut aut odit et quod. Tenetur aut commodi aut in qui magnam. Omnis sed voluptatem perspiciatis eligendi corporis itaque. Autem consectetur ea tempora expedita. Et possimus velit similique fuga tempora aut. Alias ipsa repellendus harum sit delectus corrupti. Earum at corporis provident sunt reiciendis. Harum et nobis assumenda. Velit qui sapiente sequi non. Repudiandae laudantium et praesentium molestiae et aspernatur. Ea deleniti porro quis delectus maiores. Soluta sit et accusamus aspernatur sunt quis. Perspiciatis provident nulla illo qui. Cumque maiores fugit earum qui reiciendis minus accusamus sint. Unde pariatur perspiciatis laboriosam voluptas eius consequatur et. Mollitia tenetur est qui similique repellendus optio. Qui molestiae velit quia dolores vero dolores minus. Culpa dolor et odit ipsum. Aut perspiciatis similique doloribus ut harum et tenetur aut.','http://littlemclaughlin.com','2014-12-01 00:21:48','2014-12-01 00:21:48'),(6,2,'Qui nihil odit ut voluptate debitis eos rerum est.','8615 Gerson Plain',10000,45.832131,16.008795,'Ut sit excepturi et rem asperiores cum inventore. Ducimus laudantium maiores at magni voluptatibus est eum. Quia natus sit animi modi quia. Nulla enim ut et itaque. Debitis in eligendi autem consequatur possimus quia. Qui dolorum praesentium porro necessitatibus sint dolore et. Porro quia saepe dolores rerum suscipit. Mollitia neque vel consequatur culpa est aspernatur enim. Officia voluptate rem odio. Sed dignissimos qui libero veritatis rerum. Iure quis ratione quas ipsam. Saepe est harum aut. Voluptates hic dolor sint. Vitae omnis voluptas sit sunt. Nostrum quidem dolor similique doloribus aspernatur. Qui dolores sunt qui earum in. Et a laborum facilis exercitationem rerum. Recusandae ipsa sint et qui modi molestiae. Non vero aperiam in tempora dolores eum. Et aut rerum dicta ut magnam qui.','http://nikolaus.org','2014-12-01 00:21:48','2014-12-01 00:21:48'),(7,3,'Totam sequi impedit totam temporibus commodi.','7203 Jermey Hollow',10000,45.745638,16.037155,'Iste asperiores et et. Possimus quidem aliquid qui perferendis. Praesentium sed alias qui ex aut quia itaque eum. Laboriosam incidunt quis ea aut enim ut et. Alias occaecati unde corporis est eum. Qui accusantium totam et consequatur odit atque. Et fugiat accusamus dignissimos sed. Cumque aperiam dolor incidunt voluptatem sed dolores eligendi. Quo et eaque veniam perspiciatis. Mollitia quia eveniet et. Totam tempore distinctio architecto ut voluptate dicta eum. Qui quia quibusdam nisi porro. Cumque cum atque excepturi quasi illo. Ea delectus quibusdam non. Omnis deserunt numquam illo eveniet harum. Pariatur dolore aut sit saepe odit. Aut quia quo et ex. Voluptatem fugiat quia et quia aut vel nesciunt. Exercitationem aliquam laboriosam debitis minima et impedit expedita et. Qui expedita odio sed eaque eveniet. Optio autem consectetur minus ratione dolore blanditiis. Enim quia tenetur reprehenderit. Eligendi aliquid eaque optio illum exercitationem ipsa deleniti. Architecto quaerat aut voluptatum rerum dolores consequatur. Numquam earum eligendi ut consequatur optio. Culpa iste nihil occaecati ea ipsum quaerat autem. Iure ut nesciunt minima consequatur dolores ipsam est. Voluptas ut sit deserunt veniam. Id fugit non amet non ullam. Commodi fuga velit ea praesentium. Tempora natus sequi quaerat reiciendis molestiae. Odit perferendis nam quis dolorem architecto.','http://kuhiclind.info','2014-12-01 00:21:48','2014-12-01 00:21:48'),(8,3,'Sed tempora rem voluptate laudantium cumque.','2069 Parker Parks Apt. 265',10000,45.763373,15.978744,'Cupiditate ea quae perspiciatis. Minima molestias ea labore ipsa aliquid. Consequatur qui sed ducimus veritatis error. Delectus molestias earum voluptatem illo. Libero sed reiciendis quasi voluptas. Qui architecto praesentium natus eos enim molestiae. Ex aut ut cum impedit repudiandae sequi aut rerum. Vel impedit quibusdam magnam necessitatibus dignissimos itaque. Laborum tenetur nemo molestias. At vel nihil incidunt qui ducimus ut. Est voluptas quis vero. Nam est temporibus distinctio et necessitatibus qui. Exercitationem quia eum cumque ipsum rem quia dignissimos. Repudiandae omnis labore quisquam est quod aut. A nam unde qui non. Veritatis nulla error ea qui dolores. Ipsam est et molestiae dolor rerum maxime recusandae. Corrupti et adipisci officiis sint qui. A odio quis omnis qui. Et sint nihil occaecati porro saepe enim et. Id animi ad vel ex quaerat minus provident. Iusto non nobis voluptates.','http://kilback.com','2014-12-01 00:21:48','2014-12-01 00:21:48'),(9,3,'Qui magni excepturi temporibus animi soluta provident.','317 Bergnaum Port Suite 404',10000,45.864668,16.060740,'Veniam sunt quia accusantium dolorem repellendus dolore. Dolorum debitis dolor exercitationem fuga et. Sed eveniet sint autem aut ratione in deleniti. Odit fugiat enim aut minus itaque. Repellendus odio quaerat omnis temporibus facere in. Impedit voluptas rerum aut earum sequi vitae. Aut ut qui amet id. Nostrum sint exercitationem sequi dignissimos maiores. Itaque rerum ipsa architecto quos dolore minus. Necessitatibus delectus voluptas vel porro ut quia quia. Consectetur mollitia iusto doloribus temporibus neque praesentium accusamus. Distinctio non quidem quasi nostrum. Quaerat et veritatis repellat iusto eligendi sapiente distinctio. Sequi sit maiores eos qui culpa in et. Quia saepe enim hic magni et saepe ea. Saepe est ea nobis sit natus fuga voluptate. Exercitationem occaecati cupiditate est at pariatur ea. Asperiores et fuga eveniet voluptatem rerum earum sit. Laborum inventore quaerat dignissimos sint id. Nesciunt quidem et deleniti quis.','http://auermertz.org','2014-12-01 00:21:48','2014-12-01 00:21:48'),(10,4,'Eaque nam ea omnis harum quos et sit.','158 Jacobi Crossroad',10000,45.767406,15.972412,'Similique nemo odio eligendi est voluptate dolorum. Et quia provident sequi quis occaecati reprehenderit fugiat. Possimus in nemo dolorem nemo sed sit. Doloremque ullam quis enim sed. Sint rerum minus odit error architecto eum consectetur vel. Dicta non iusto velit. Aut nobis aut omnis et. Architecto repellat consequatur qui velit nobis eius. Expedita sequi optio sint modi repudiandae molestiae. Doloremque aut architecto voluptas laborum. Consequuntur dolores at animi exercitationem. Harum iste consequatur pariatur veritatis ea voluptates incidunt eos. Earum iste quia doloremque vitae. Ut non odit eum nihil consequatur odit aut. Nobis sunt omnis sapiente et a optio porro. Pariatur voluptatibus quidem velit non. Libero sint et quibusdam aperiam eos hic. Iusto occaecati minus animi voluptas distinctio minus. Labore ut tenetur ducimus quia quidem dolore quas. Aut sed qui natus ut porro id ab. Non et a quo et. Consequatur ipsum exercitationem minima rerum excepturi. Voluptatem quisquam iste maxime facilis.','http://block.com','2014-12-01 00:21:48','2014-12-01 00:21:48'),(11,4,'Suscipit inventore iure nihil sed perferendis exercitationem.','220 Labadie Radial',10000,45.804779,15.928593,'Dolorem error sit consequuntur. Et cupiditate voluptates voluptatem ut magni blanditiis quia. Quis a voluptas perspiciatis corrupti iste sit dolores alias. Quos id est dolor earum soluta nemo autem. Iusto cupiditate rerum quia voluptatem voluptatem adipisci. Minus velit modi similique repellendus qui quasi est. Est quia quisquam aut sapiente. Quos atque reprehenderit eaque mollitia quam. Maxime recusandae libero sed autem provident. Pariatur nam placeat deleniti. Velit ea ipsa perspiciatis ut architecto sed provident quia. Est maiores natus ut amet ex repellat. Laborum id eos velit eius in sint tempore. Architecto est est cum minima. Unde corporis molestiae impedit voluptatem consectetur ab dolorem. Excepturi cumque non at deserunt animi. Eligendi unde velit provident possimus iure deleniti. Repudiandae sequi nesciunt sit ab voluptatem corrupti aperiam tempore. Enim explicabo unde pariatur officiis dolor quam dignissimos voluptates. Ut quos voluptatum possimus repellat enim. Dolore consectetur et atque. Non aliquam voluptatem voluptatem atque. Enim aut distinctio perferendis at explicabo reiciendis. Quia totam fuga expedita voluptas dolor magni. Facere harum autem facere quia delectus. Cumque qui ullam quis qui culpa dolorem voluptates. Velit impedit fugit dolore qui cumque molestiae. Ut sed sequi voluptatem voluptatem. Quia et illo hic. Perspiciatis veritatis quis omnis et et voluptatem. Quas quos recusandae totam aperiam sint explicabo. Et voluptates nostrum minus autem. Deleniti enim eum iure. Quia ut natus pariatur in odio fuga vel. Et rerum quia aut.','http://berge.com','2014-12-01 00:21:48','2014-12-01 00:21:48'),(12,4,'Quis vel et aperiam reprehenderit omnis debitis.','225 Magdalen Lights',10000,45.794382,16.026520,'Sed debitis quod cumque et illo labore incidunt. Voluptas consequuntur non et vel nostrum. Et aperiam quia voluptatem voluptas aut voluptas et. Tempore dicta libero necessitatibus. Et rerum facilis voluptatibus accusamus. Repellat saepe sint atque doloremque facere. Alias rem ipsam in porro. Quasi eum quo iusto assumenda. Illum odio delectus voluptas quidem aliquid qui ratione unde. Consequuntur deserunt voluptates laudantium consequuntur. Aut iste nisi adipisci sit. Libero aut perspiciatis aut iste vel voluptatem. Eius et dolorum ab sit quis. Qui expedita fuga harum laudantium dolorum assumenda ut qui. Qui fugiat suscipit at reprehenderit. Iure sit et asperiores. Sed harum voluptatibus quia libero. Ad tempore eveniet labore aliquid molestiae. Laudantium omnis est vel sit animi dolorem.','http://daugherty.org','2014-12-01 00:21:48','2014-12-01 00:21:48'),(13,5,'Veritatis nulla molestias aliquid excepturi.','6153 Daniel Spring Apt. 727',10000,45.773434,15.956080,'Mollitia quia fuga corrupti libero. Veniam quasi voluptatum sed mollitia iure inventore. Quos quaerat sed nihil voluptatem. Nihil recusandae et incidunt aspernatur rerum veniam. Iure aliquam sit rem aut debitis omnis. Odit eligendi voluptas quis. Harum iste minus animi. Velit qui eos saepe expedita similique temporibus voluptas. Sapiente optio doloribus a sequi fugit qui aperiam. Placeat repudiandae quia possimus qui. Impedit impedit qui quis quaerat. Repellat provident doloribus animi ullam dolorum distinctio et. Consequatur ex voluptatem eius magnam nesciunt quo alias. Voluptatibus quaerat rerum asperiores assumenda qui. Voluptatem corrupti facere et incidunt rerum itaque et saepe. Rerum eos qui consequatur sit tenetur. Doloribus explicabo est similique est et quia. Voluptatem dolores sed sapiente reprehenderit quo et animi. Impedit dolor labore aut consectetur. Enim dicta fugit impedit asperiores corporis autem recusandae. Accusamus corporis cupiditate quaerat velit dolor incidunt dolor voluptatem. Consequatur aspernatur quaerat aliquid eum vel sunt voluptate libero. Sunt asperiores hic ut sit. Voluptatem est dicta earum ab beatae labore. Accusantium ut aut dignissimos consequatur perferendis repellat fugit. Autem sunt quisquam fugit alias reprehenderit quidem. Eos in nobis deleniti quia officia sit. Dignissimos molestias sapiente nihil consequatur tenetur laborum ipsam voluptate. Facilis eius ratione est fuga.','http://smitham.biz','2014-12-01 00:21:48','2014-12-01 00:21:48'),(14,5,'Odit doloremque sit quam.','3119 Kautzer Lodge',10000,45.850261,15.979046,'Sapiente aspernatur accusantium harum velit sunt corporis. Dolor enim ipsa qui aliquam repellat sed. Vel ea magni ipsum incidunt iure nemo. Accusamus nulla amet qui alias. Cum repellendus quam nihil eaque et enim et. Minima asperiores et fugiat quasi. Nisi illo distinctio quod suscipit cumque. Sint quas quisquam reprehenderit distinctio. Consequatur cum perspiciatis laudantium consequatur temporibus quam. Ratione similique voluptatibus harum quas cum quas. Repellat sed sint libero quisquam sequi. Molestias est voluptate numquam dignissimos culpa. Ipsam eligendi ullam minus aut voluptas. Voluptatem laborum optio quia voluptas nihil. Sint dolores sint minima fugiat voluptas. Est aspernatur sit quia quia deleniti. Omnis tenetur ex ea consequatur. Inventore perferendis eos esse est. Illum occaecati est corrupti odit adipisci iure similique. Rem repellendus blanditiis quibusdam ad tempore explicabo quae non. Tempore neque magni quia id accusamus quasi. Praesentium consectetur asperiores fugit nihil. Magni mollitia non a. Ut ad molestiae maiores est incidunt fugit quaerat. Porro quisquam non sequi dolorem. Perferendis beatae eos aspernatur sapiente qui perferendis numquam deserunt. Reprehenderit explicabo eaque non expedita molestiae exercitationem. Similique sint facilis quisquam saepe quisquam iusto. Voluptates minima id rerum sequi ut dicta omnis autem. Repellendus et officia quia et. Eveniet voluptatibus minima laborum vero necessitatibus veritatis velit. Mollitia harum molestiae totam voluptas dolores quod ipsum. Et veritatis animi autem consequuntur eum hic facilis.','http://fritsch.biz','2014-12-01 00:21:48','2014-12-01 00:21:48'),(15,5,'Occaecati perspiciatis dignissimos recusandae explicabo non earum.','53530 Volkman Cape Apt. 063',10000,45.770564,15.999470,'A dolor delectus praesentium molestiae. Ipsam quia reprehenderit enim modi commodi molestiae. Rem cupiditate quaerat quisquam ad quae veniam rem eos. Molestiae nostrum quia expedita nulla quas. Repellendus atque repudiandae odit vel dolorem aspernatur. Provident ut vel enim veritatis. Aperiam et magni harum error aut illum repudiandae. Enim aut labore perferendis quos sapiente occaecati quibusdam sint. Iure veniam molestias omnis sed culpa similique. Voluptas omnis minima magnam. Debitis et ratione nobis dolorem eaque sed et laudantium. Incidunt aut itaque ducimus iusto. Id at explicabo ut et aut sit et. Molestias corrupti consequatur provident. Maiores dolorum quam eius esse repellat. Harum harum consequuntur quam debitis repellat dolores molestias. Enim veritatis quia eum nesciunt qui id atque. Aut quibusdam non ut earum qui eos. Ad non necessitatibus explicabo sint sed aut modi in. Sint corporis deleniti molestias ullam nihil ratione necessitatibus dolorum. Veritatis hic nemo eius est et occaecati. Recusandae possimus quia voluptas officiis est. Impedit maxime vitae inventore soluta rerum optio. Aliquid ut est tempora aut. Corporis ut in quae rerum eos harum. Dolorem et facere reprehenderit. Molestias consequatur dolor voluptatibus voluptates sint et. Blanditiis nostrum atque sed sit quaerat aperiam. Esse consequatur deserunt amet debitis odit est fugiat. Animi quia praesentium soluta reprehenderit et et. Et deleniti dolor maiores sint nemo minima. Ut facere qui quia. Ut reiciendis sed quam et aut repellat praesentium.','http://kinglittel.org','2014-12-01 00:21:48','2014-12-01 00:21:48'),(16,6,'Id illo eveniet dolorum nesciunt autem qui et.','0762 Hickle Burg',10000,45.758009,16.049340,'Provident fugiat earum quis voluptate libero dolorum. Veritatis et voluptatem est sed non. Voluptas aperiam molestiae exercitationem exercitationem est est. Est praesentium architecto et vero qui illo est. Porro doloremque iure et ut expedita ipsa blanditiis neque. Dolor quo nesciunt eum eligendi odio tempore quidem. Alias tempora similique sed ea ut voluptates beatae. Debitis qui qui eum id et molestiae ipsam. Sed ratione perspiciatis soluta cumque hic est ut. Autem dolor non alias voluptatem. Impedit similique dolorem ratione quisquam quia adipisci velit similique. Libero ipsum deleniti ipsam autem harum. Dolorum officiis illum delectus rerum voluptates. Voluptas autem impedit aliquid qui aliquam est ut. Qui incidunt enim quia provident dolor autem. Perferendis reprehenderit praesentium consequuntur perspiciatis aliquam atque. Voluptas explicabo autem ut sint nobis voluptatem consequatur reiciendis. Reprehenderit est aut est non qui distinctio. Enim illo quae aut hic consequatur. Explicabo quis ex voluptatibus vel et nisi et. Itaque ea qui aliquid ea aut. Reprehenderit illum rerum ut. Ullam aliquid quae ex dolorem explicabo eveniet sed. Suscipit inventore amet in dolorem ut. In aut ut cupiditate mollitia provident occaecati est.','http://donnelly.biz','2014-12-01 00:21:48','2014-12-01 00:21:48'),(17,6,'Nostrum tempora ab consequatur unde.','6742 Rachelle Estate',10000,45.845884,15.989664,'Dolores consequatur sint facere sunt et veritatis quaerat. Fugit animi reprehenderit perferendis tempora. Veniam veniam soluta fuga sunt. Accusantium voluptatem rerum deserunt rerum porro quia. Reiciendis dolor ut nam quas itaque quis architecto. Sequi est nesciunt hic. Magni sint eius corrupti et doloremque non. Impedit nostrum totam veritatis odit facere accusantium exercitationem provident. Doloribus dolor nostrum dicta et porro nam. Sit deserunt quibusdam ut magnam quisquam illum deleniti tenetur. Ut corrupti porro a in eaque. Adipisci eum nihil quod. Qui est et et et hic voluptas. Ut molestiae sapiente animi itaque voluptatem. Dolorum nihil libero ut error et dolores dicta consequatur. Eligendi dicta eum quas consequatur.','http://jerde.org','2014-12-01 00:21:48','2014-12-01 00:21:48'),(18,6,'Commodi consequuntur aut et voluptates voluptatum.','28537 McDermott Ways Suite 023',10000,45.752933,15.966022,'Et ut laborum explicabo alias totam quidem excepturi. Facilis sint ea qui velit sunt iste ea. Pariatur architecto et velit enim voluptas qui ut. Aut qui a saepe minima enim et. Ipsa in est aperiam aut ullam facilis. Quia provident odit ut enim quia. Et dicta adipisci autem ab adipisci. Eaque enim aut similique cumque. Sit aperiam est consectetur quia neque architecto qui. Qui doloremque inventore consequatur sunt sit accusantium fugiat. Natus qui est rerum nihil quia quos. Accusamus laborum possimus et itaque. Iusto esse aut laboriosam consectetur officiis ipsa amet corporis. Consequatur alias voluptas et ratione. Ea aut optio enim illum. Alias reiciendis omnis accusantium vel consectetur fugit. Perspiciatis minima et consequuntur magnam. Consequatur vitae voluptatem accusantium mollitia et dolore. Impedit in rerum blanditiis. Illum ut ad voluptate assumenda corporis et odio dolorem. Quo sunt nobis et omnis cumque aut voluptates cupiditate. Quod sed qui consequatur neque deserunt. Itaque iusto ratione aut omnis non dolorem saepe similique. Et magnam voluptatem et atque distinctio voluptate nobis. Qui soluta voluptatem est est facilis consectetur est cumque. Et molestias perspiciatis repellat vel quos tempore voluptatem. Odit ad mollitia odio ab. Consequatur quas quo quo ut ratione. Illo modi perferendis ab. Id ut fugiat sunt dolorum velit. Ipsa atque enim dolore aut omnis voluptate enim. Qui dicta nobis minima aspernatur. Assumenda quasi nisi aut atque rem rem.','http://fisher.com','2014-12-01 00:21:48','2014-12-01 00:21:48'),(19,7,'Nihil natus hic omnis accusamus enim quia.','56880 Alberto Corners',10000,45.705397,15.931313,'Neque accusantium est veritatis nostrum vitae dolores. Culpa in sequi nihil blanditiis. Rerum beatae non rerum est provident quas laudantium natus. Qui et non maxime sit. In ipsum rerum quis ab quaerat pariatur aut. Voluptas dignissimos qui consequatur laboriosam blanditiis aliquam. Exercitationem quia totam corporis et recusandae vero. Et maiores reprehenderit qui tempore ea quia. Laudantium possimus pariatur est. Et impedit fuga veniam consectetur. Expedita odio rem laboriosam neque atque dolores. Sit aut dignissimos quos explicabo. Et et est culpa sapiente. Culpa dolorem aut vero dolor ut exercitationem illum. Voluptate similique accusantium earum vero perspiciatis ab. In asperiores inventore nesciunt laborum ullam voluptates doloremque. Amet rerum eum dolor dolores beatae minima corrupti quod. Natus voluptatibus dolore harum qui qui ad. Molestiae est et non. Sed odit qui nesciunt est voluptatem excepturi. Ut sapiente laborum sed et. Aut consequatur nam sint ut. Ab nihil dolor ut impedit sit impedit. Quod delectus omnis dolorum illo dignissimos nihil rem. Doloribus quia mollitia est fugit quos. Voluptas sequi et saepe optio deserunt quibusdam. Aliquam rerum sunt nisi velit. Rem voluptatibus id dolor temporibus quaerat voluptate quibusdam pariatur. Est cum iusto occaecati quaerat nulla. Minima accusamus consequatur accusantium vel ea qui veritatis aut.','http://mohr.com','2014-12-01 00:21:48','2014-12-01 00:21:48'),(20,7,'Officiis sed eligendi aperiam et est neque.','17936 Ayden Walk Suite 226',10000,45.815235,15.931044,'Quam eum maxime quis doloribus. Et veniam qui animi possimus. Qui et quam provident et rem et. Quam voluptas occaecati nesciunt maiores qui consequatur. Officia aut laborum quos. Aspernatur et libero fuga sunt. Enim quos totam aut aut minus dolorum rerum. Molestiae hic quo in alias voluptatibus quae. Sit deleniti aut veniam error quas. Aut voluptas suscipit odit molestiae asperiores ut. Qui eaque ut tenetur ea consequatur quaerat. Eligendi aut et eos unde incidunt esse amet. Qui aut aliquid suscipit beatae. Voluptatem rerum aliquam reprehenderit hic non voluptates. Exercitationem non laudantium veniam suscipit. Deserunt in ut suscipit id. Sed blanditiis minus beatae aut quos quia quis. Quia quos maxime consequatur eos quo vel vero sed. Eveniet omnis sit dolores quidem repudiandae eos molestiae. Maiores quaerat vel voluptas non rerum quidem. Et quia rerum ratione aliquid illo. Enim id dignissimos perferendis quam quod quasi. Culpa sit velit necessitatibus ea. Repudiandae voluptatibus vel aliquid et ullam officiis officiis. Ab optio illum et quod et voluptatem. Architecto a nulla natus consectetur corrupti. Dolor dolorem exercitationem natus sint. Quia eligendi totam quia tenetur officiis ab corrupti fugiat. Voluptatem deleniti ad porro autem sequi provident quia accusamus. Placeat praesentium eos fuga eligendi odio recusandae. Ratione eos minus quis quas ratione at quia.','http://braundamore.org','2014-12-01 00:21:48','2014-12-01 00:21:48'),(21,7,'Laudantium voluptatem fuga quis quasi qui.','49770 Torp Pass',10000,45.894572,15.922062,'Voluptas molestiae quod maxime. Quia dignissimos deserunt voluptatem aliquid. Voluptas asperiores et reiciendis rerum. Iusto dolore possimus reiciendis dolorem voluptatibus magni adipisci. Occaecati atque reiciendis dolores. Beatae quod ut eum. Nobis voluptates nemo ea est illum ex sit. Aut accusantium veniam corporis. Sed molestias quo qui quibusdam nostrum eaque deserunt. Nemo sunt voluptatibus ducimus harum numquam. Ipsam ut consequatur ipsam at sint officiis. Consequuntur consequatur officia sint magni et numquam. Sunt recusandae dolores rerum dicta et eveniet. Aut voluptas doloremque vitae sequi dolores. Asperiores quibusdam quia omnis dignissimos aliquam. Suscipit architecto eligendi eos quidem at. Voluptatem ea facere ducimus autem et dolor at. Eligendi ex et et aut ut. Perferendis voluptates tenetur eligendi. Est magni aut dicta vero rem nulla aliquam. Sapiente soluta dolor assumenda et doloribus sint. Et suscipit facere dolores. Eius praesentium ut pariatur et rerum aperiam porro. Ea odit consequatur quod repellat illo quis totam. Neque alias voluptatum qui sapiente omnis. At qui reprehenderit qui ut et. Dolorem amet et id rerum rerum. Suscipit fuga in quis nulla cumque est. Doloribus quia reprehenderit neque soluta illo quo non. Et eius voluptatum consectetur expedita. Veritatis at sit maiores repellat voluptas. Sed quisquam quam eos assumenda. Ut itaque esse veritatis nostrum aut. Similique sed unde praesentium aut suscipit deleniti nobis quaerat.','http://hartmannprice.biz','2014-12-01 00:21:48','2014-12-01 00:21:48'),(22,8,'Quos aut a harum est expedita eius.','9688 Verner Forges Apt. 071',10000,45.883545,15.937811,'Aspernatur atque sed occaecati quos. Non officia voluptas itaque non delectus voluptatem. Rerum quia et fugiat. Voluptatum harum repudiandae voluptas corporis dolor. Eum nobis deserunt corporis ex. Enim quia at vel. Quibusdam praesentium provident et nostrum voluptatem et. Quibusdam saepe neque consequatur tempora et. Et eligendi dolor cupiditate explicabo ducimus beatae. Qui accusamus magnam beatae tempora numquam non error. Nesciunt facilis aspernatur sed rerum ut quam a. Voluptas quis blanditiis inventore. Facere magnam dicta omnis nulla. Quos est voluptas laborum. Perspiciatis quia placeat et accusantium saepe et corporis. Dolorem illo qui unde at. A hic laborum qui hic. Voluptatem consequatur sed non nam voluptas autem. Explicabo minus temporibus sit. Quia culpa esse quia necessitatibus quaerat aut iure. Rem veritatis ut expedita ut quod non sed. Minus maiores nam nobis ad atque necessitatibus numquam. Eum possimus aut repudiandae totam laudantium magnam quos. Ipsum doloribus qui voluptates fugit. Maiores deleniti esse sed velit repellat facere quis. Est dolores neque et dolorem. Et harum ut vel voluptates id facilis. Minima nobis consequatur beatae assumenda quis voluptatum commodi quod. Officiis temporibus praesentium magni rerum dolores modi tempore.','http://hermann.com','2014-12-01 00:21:48','2014-12-01 00:21:48'),(23,8,'Qui ea atque mollitia facere unde incidunt.','6725 Nella Trace',10000,45.728968,16.005363,'Temporibus dolorem voluptas temporibus sit cum. Et rerum quis veniam quam rerum vel. Adipisci architecto ut est. Dolores reiciendis enim magni doloremque soluta. Dolor nihil eligendi dolor. Ut error blanditiis iste rem aut quibusdam sint. Repudiandae provident dolor eos ut. Iure quam autem dolores eligendi hic. Eos architecto blanditiis mollitia magni eos quas voluptas dolorem. Ducimus numquam rerum temporibus ea sunt doloremque delectus. Ad eveniet non iure adipisci iusto. Adipisci fugiat quos voluptas praesentium harum. Tempore et asperiores culpa maiores in distinctio ut. Totam quam voluptatem saepe et vitae optio aspernatur. Odit et cupiditate quis quo debitis. Qui et doloribus dolore officiis neque. Saepe delectus rerum dolorem ducimus voluptatem. Repudiandae assumenda delectus perferendis incidunt rerum ipsum consequatur et. Illum rerum et et repellendus vitae voluptatibus consequatur quibusdam. Consectetur est quia officiis ut quasi magnam necessitatibus itaque. In dignissimos porro nam omnis sequi voluptatem pariatur. Aperiam dolore eos et est labore quis earum. Veniam fugit qui similique laudantium suscipit. Itaque alias voluptatem totam reprehenderit ea. Doloremque molestiae reiciendis deserunt ea. Velit voluptatibus veniam ea sed. Aspernatur culpa ut et dolor voluptatibus placeat quidem nobis. Consequatur assumenda ab eaque modi aliquam rerum ea. Ad voluptatem optio et delectus.','http://shanahanhowe.com','2014-12-01 00:21:48','2014-12-01 00:21:48'),(24,8,'Non necessitatibus illum perferendis adipisci ab ullam.','995 Casper Tunnel Suite 480',10000,45.733852,16.034104,'Amet nihil repellat incidunt quia. Doloremque et fugit maiores iusto. Aliquid et laboriosam fugit blanditiis enim mollitia. Aut dicta error magnam ea eaque rerum. Aut labore suscipit dolorem molestias laborum. Quaerat est sit odit modi est dolore error. Maxime maxime aut mollitia et nulla expedita. Et eum quasi quae deserunt distinctio alias. Ut non molestiae magni cum autem voluptatem. Sed blanditiis repellendus et mollitia provident sit. Earum voluptatem eos praesentium non. Sunt neque ut pariatur. Natus non autem vel officia autem. Ratione commodi magni blanditiis eius. Consectetur at consequatur porro. Necessitatibus beatae vero voluptas autem sed at harum adipisci. Et labore sit ad. Dignissimos rerum non dolores animi. Omnis qui perspiciatis ab velit. Voluptates est voluptatem in placeat et libero. Ex quo eum quia explicabo fugit commodi. Ipsam aliquam eum et illum mollitia beatae. Ut fuga eius optio est autem voluptas. Pariatur quo est eius non delectus aspernatur architecto. Maiores sint dolorem asperiores voluptas eos. Cupiditate rem ea fugit ipsa omnis aut eos. Odio neque sint sit ut. Ipsam occaecati dignissimos repellat veniam fugit quia aut.','http://littel.com','2014-12-01 00:21:48','2014-12-01 00:21:48'),(25,9,'Quo quia architecto doloremque temporibus cum laboriosam.','1582 Torp Knolls Apt. 049',10000,45.838619,16.018078,'Rerum consequatur aut est et. Aut enim quo et optio veritatis. Architecto rerum mollitia ab. Sint est tenetur nemo illo qui quia eum. Non ducimus doloremque possimus aspernatur. Ipsa quisquam iste omnis autem amet ipsam. Est quo amet tenetur iusto optio. Dignissimos sit nobis totam. Beatae voluptatum optio odio quisquam temporibus nihil. Deserunt doloremque culpa et cumque facilis et pariatur. Exercitationem voluptas explicabo ut laboriosam. Tempore doloremque numquam similique cumque sit possimus. Et qui molestias minima nulla consectetur quidem. Itaque qui ex id et repudiandae et repudiandae. Et tempore in error quisquam totam consequatur odio tempora. Explicabo officia laboriosam quis quibusdam. Perferendis dignissimos nisi quis ad sint. Vitae qui mollitia voluptatem rerum repudiandae. Sunt iure fugiat molestias nesciunt ipsum sunt.','http://okuneva.com','2014-12-01 00:21:48','2014-12-01 00:21:48'),(26,9,'Ipsa dolor qui et dolorem similique incidunt.','708 Reilly Rapids Suite 138',10000,45.801019,16.025584,'Odio nisi quia impedit doloremque quod. Autem iusto et dolorem ex qui ea. Minus dolorem modi quia et vitae voluptas odio consequatur. Voluptates velit ea occaecati molestiae et temporibus necessitatibus. Optio quia nihil eum voluptas natus rerum reprehenderit. Delectus ut qui maxime delectus. Vitae nihil quis sit quas. Voluptates ut pariatur voluptas illum eum incidunt. Voluptatem quas quis natus itaque qui. Voluptas sed consequatur maiores. Commodi iure nemo culpa vero. Ad velit omnis vel facilis est qui iure aut. Aut sit culpa illo ducimus esse optio. Ratione distinctio possimus ipsam culpa sunt magni optio. Ut quam quis voluptas dolore. Aliquam ut dicta in dolor veniam sit. Impedit velit est quae repudiandae. Molestiae vero dolor blanditiis. Laudantium quia velit minus corrupti doloremque porro rerum. Et doloribus expedita dolore consequatur distinctio quibusdam aut. Modi fuga reprehenderit corporis optio sunt reiciendis. Omnis et ut sunt vel. Earum neque quas vero praesentium nulla. Similique suscipit earum commodi quia repellendus. Repellat ipsum quo veritatis aut magnam. Iure nemo modi nobis eos incidunt magni ullam optio. Consequatur nobis dolore dolorum rerum. Excepturi inventore est vel sunt. Ipsum sequi eaque a fugiat eius. Qui quisquam odit quia nemo deserunt. Repudiandae qui nulla cumque consequuntur eum quo ut. Et excepturi iusto veritatis ut sed quibusdam nemo eveniet. Quia iusto ea culpa eligendi non aut. Aut at at dolor voluptatibus. At quidem qui sequi omnis necessitatibus cumque.','http://gibsonledner.org','2014-12-01 00:21:48','2014-12-01 00:21:48'),(27,9,'Nihil consectetur nisi nulla pariatur ullam.','095 Landen Island',10000,45.704686,16.082032,'Autem eius et animi nihil. Qui ea amet qui non eveniet qui et ab. Sit nulla quod tempora sint. Sed ut amet velit. Placeat et ut vitae laboriosam quas ipsa. Minima voluptatem sed et. Id repudiandae architecto voluptas occaecati quia minus. Est repellendus et dolores odit deserunt eum. Aspernatur dolor consectetur adipisci dolorem cum est. Quae sed at nihil optio quos. Totam earum sed laboriosam sit. Sed sit eos in fuga consectetur est ut quibusdam. Nobis rerum rem ipsum. Ducimus voluptas delectus nesciunt nihil. Veniam omnis cum nihil voluptas eum. Est sint possimus tempore ut. Quod et eum consequatur iure.','http://okonswaniawski.com','2014-12-01 00:21:48','2014-12-01 00:21:48'),(28,10,'Molestiae a delectus numquam est in et velit.','10717 Schimmel Drives',10000,45.808746,16.034675,'Aut sed qui sint aut. Non ut laudantium omnis facilis est ea labore. Nostrum maxime alias cum voluptatum ullam ab. Vel beatae soluta dicta modi mollitia porro eos. Sed et ea non et. Cum explicabo quam occaecati qui. Quia aliquam necessitatibus eos rem. Dolorem eos ut vel voluptatem maiores. Rerum rerum laudantium et vero et. Sint ipsa non soluta non dolores unde quae. Earum provident quisquam optio. Accusamus modi dolores id sit adipisci. Laborum quo ea dolorem numquam aliquam perspiciatis asperiores. Voluptatem tempore nesciunt iusto. Cum ad optio est inventore qui aliquid ut. Ut et recusandae hic impedit repellendus enim. Earum omnis qui repudiandae non ea. Dolores ut quo quas aut distinctio in. Amet quidem quae et aperiam ipsam velit omnis. Possimus voluptate rerum quos sequi. Eligendi praesentium temporibus et quia. Sit harum sapiente quia magni illo vel nam. Atque adipisci blanditiis voluptatem voluptatum voluptatem et est animi. Voluptates ea ad libero aliquid dolores. Nesciunt cum et eligendi possimus id quasi itaque dicta. Quas inventore ratione consequuntur praesentium. Illum provident eos molestiae. Consequuntur ducimus quo non quo eveniet voluptatem. Rerum voluptatem hic sed beatae. Eaque in rerum nemo impedit harum ex. Quod enim iusto laudantium molestias. Aut neque occaecati laudantium autem doloribus animi. Deserunt impedit accusamus est. Et recusandae eligendi esse vel ea et.','http://greenfeldertillman.com','2014-12-01 00:21:48','2014-12-01 00:21:48'),(29,10,'Iste fugiat in modi vel quae tempore numquam.','764 Mattie Drive Suite 221',10000,45.792710,15.973621,'Laudantium cumque fugit aut illum. Dolores iure perferendis cupiditate. Omnis consequatur ea totam alias veniam. Quas deserunt ut molestias eos debitis quo. Recusandae voluptatem ex impedit distinctio consequatur. Odit voluptatem ea voluptate quas voluptates voluptatibus. Vero eum sed quia velit. Sed quo quia omnis. Temporibus temporibus tenetur possimus laudantium reprehenderit vero aperiam sed. Quidem tempore excepturi sapiente quis esse ut impedit. Non eos quos minus asperiores dolorum unde modi. Culpa natus nam dolore dicta. Sed quos deserunt dicta id quo nemo quasi nobis. Ad et adipisci harum quis consectetur quia. Repudiandae quia iure maiores eveniet. Rerum eos corrupti voluptatum consectetur non. Nihil quae in dolorum odio mollitia aut. Dolorem a aliquid pariatur dolore aut. Qui sunt dolorem vero sit sed vero labore eos. Hic rem repudiandae cum et. Dolores repudiandae vero ad modi amet sit. Est sit iure facere eveniet dolorem. Temporibus error aut voluptate ut recusandae odit. Iure enim quae rerum. Unde quasi veritatis esse magni. Nihil velit blanditiis exercitationem consequuntur eaque repudiandae temporibus. Dolorem eum et quod in ut qui. Ipsum dicta maiores nihil est. Vero omnis sit sapiente et unde. Voluptatum cupiditate rem dolorem. Qui ea est ullam et officiis impedit. Temporibus tenetur illum libero accusamus fuga debitis. Quis et ut dignissimos non.','http://keebler.info','2014-12-01 00:21:48','2014-12-01 00:21:48'),(30,10,'Impedit suscipit nisi placeat veritatis qui quisquam repellendus.','068 Howe Isle',10000,45.822177,15.978144,'Recusandae similique illo laborum sed voluptatibus molestias. Veniam beatae iste cumque maiores qui provident totam. Autem maiores quos est cum tempora. Quis in eveniet placeat deleniti. Nisi assumenda ex quam quisquam modi. Recusandae beatae deleniti perferendis qui et non. Ducimus rerum quia dolor. Nemo excepturi quae velit beatae nesciunt velit enim. Quis rem commodi dolorum velit. Eligendi accusantium soluta dolorum sed. Commodi repudiandae aliquid nobis ut ducimus est. Recusandae sint ut et. Vero nihil fugiat eaque. Iusto vitae quis autem sit rem nemo voluptatibus molestiae. Itaque rerum expedita sit facilis cupiditate. Est et molestiae commodi praesentium et doloremque optio. Nisi cum odio porro quam accusantium eum. Itaque ea ut et est. Qui culpa est blanditiis unde. Voluptatum dignissimos ut aut nisi. Necessitatibus iure quaerat sunt quia laborum. Rerum eum est libero et voluptatem. Maiores blanditiis sint numquam optio. Atque aut omnis nostrum tempora autem labore quia. Eveniet aliquid eligendi sed alias consequuntur mollitia labore. Ut deserunt ut error aut voluptas officiis aut. Corporis nostrum temporibus minima illo voluptates harum aut sint. Voluptatem architecto rerum qui reprehenderit officia possimus. Voluptas qui ea assumenda voluptatem nam. Voluptas earum ipsum est sed et.','http://schimmel.biz','2014-12-01 00:21:48','2014-12-01 00:21:48');
/*!40000 ALTER TABLE `listings` ENABLE KEYS */;
UNLOCK TABLES;

--
-- Table structure for table `migrations`
--

DROP TABLE IF EXISTS `migrations`;
/*!40101 SET @saved_cs_client     = @@character_set_client */;
/*!40101 SET character_set_client = utf8 */;
CREATE TABLE `migrations` (
  `migration` varchar(255) COLLATE utf8_unicode_ci NOT NULL,
  `batch` int(11) NOT NULL
) ENGINE=InnoDB DEFAULT CHARSET=utf8 COLLATE=utf8_unicode_ci;
/*!40101 SET character_set_client = @saved_cs_client */;

--
-- Dumping data for table `migrations`
--

LOCK TABLES `migrations` WRITE;
/*!40000 ALTER TABLE `migrations` DISABLE KEYS */;
INSERT INTO `migrations` VALUES ('2014_11_18_134808_create_users_table',1),('2014_11_18_135053_create_groups_table',1),('2014_11_18_135146_create_users_groups_table',1),('2014_11_18_135237_create_throttle_table',1),('2014_11_26_132658_create_places_table',1),('2014_11_26_132741_create_images_table',1),('2014_11_26_132829_create_listings_table',1);
/*!40000 ALTER TABLE `migrations` ENABLE KEYS */;
UNLOCK TABLES;

--
-- Table structure for table `places`
--

DROP TABLE IF EXISTS `places`;
/*!40101 SET @saved_cs_client     = @@character_set_client */;
/*!40101 SET character_set_client = utf8 */;
CREATE TABLE `places` (
  `id` int(10) unsigned NOT NULL AUTO_INCREMENT,
  `slug` varchar(50) COLLATE utf8_unicode_ci NOT NULL,
  `name` varchar(40) COLLATE utf8_unicode_ci NOT NULL,
  `geo_x` decimal(10,6) NOT NULL,
  `geo_y` decimal(10,6) NOT NULL,
  `created_at` timestamp NOT NULL DEFAULT '0000-00-00 00:00:00',
  `updated_at` timestamp NOT NULL DEFAULT '0000-00-00 00:00:00',
  PRIMARY KEY (`id`),
  UNIQUE KEY `places_slug_unique` (`slug`)
) ENGINE=InnoDB AUTO_INCREMENT=10431 DEFAULT CHARSET=utf8 COLLATE=utf8_unicode_ci;
/*!40101 SET character_set_client = @saved_cs_client */;

--
-- Dumping data for table `places`
--

LOCK TABLES `places` WRITE;
/*!40000 ALTER TABLE `places` DISABLE KEYS */;
INSERT INTO `places` VALUES (10000,'zagreb','Zagreb',45.797451,15.979244,'2014-12-01 00:21:42','2014-12-01 00:21:42'),(10290,'zapresic','Zaprei',0.000000,0.000000,'2014-12-01 00:21:42','2014-12-01 00:21:42'),(10360,'sesvete','Sesvete',0.000000,0.000000,'2014-12-01 00:21:42','2014-12-01 00:21:42'),(10410,'velika.gorica','Velika Gorica',0.000000,0.000000,'2014-12-01 00:21:42','2014-12-01 00:21:42'),(10430,'samobor','Samobor',0.000000,0.000000,'2014-12-01 00:21:42','2014-12-01 00:21:42');
/*!40000 ALTER TABLE `places` ENABLE KEYS */;
UNLOCK TABLES;

--
-- Table structure for table `throttle`
--

DROP TABLE IF EXISTS `throttle`;
/*!40101 SET @saved_cs_client     = @@character_set_client */;
/*!40101 SET character_set_client = utf8 */;
CREATE TABLE `throttle` (
  `id` int(10) unsigned NOT NULL AUTO_INCREMENT,
  `user_id` int(10) unsigned NOT NULL,
  `ip_address` varchar(255) COLLATE utf8_unicode_ci DEFAULT NULL,
  `attempts` int(11) NOT NULL DEFAULT '0',
  `suspended` tinyint(1) NOT NULL DEFAULT '0',
  `banned` tinyint(1) NOT NULL DEFAULT '0',
  `last_attempt_at` timestamp NULL DEFAULT NULL,
  `suspended_at` timestamp NULL DEFAULT NULL,
  `banned_at` timestamp NULL DEFAULT NULL,
  PRIMARY KEY (`id`),
  KEY `throttle_user_id_index` (`user_id`)
) ENGINE=InnoDB AUTO_INCREMENT=53 DEFAULT CHARSET=utf8 COLLATE=utf8_unicode_ci;
/*!40101 SET character_set_client = @saved_cs_client */;

--
-- Dumping data for table `throttle`
--

LOCK TABLES `throttle` WRITE;
/*!40000 ALTER TABLE `throttle` DISABLE KEYS */;
INSERT INTO `throttle` VALUES (1,1,NULL,0,0,0,NULL,NULL,NULL),(2,2,NULL,0,0,0,NULL,NULL,NULL),(3,3,NULL,0,0,0,NULL,NULL,NULL),(4,4,NULL,0,0,0,NULL,NULL,NULL),(5,5,NULL,0,0,0,NULL,NULL,NULL),(6,6,NULL,0,0,0,NULL,NULL,NULL),(7,7,NULL,0,0,0,NULL,NULL,NULL),(8,8,NULL,0,0,0,NULL,NULL,NULL),(9,9,NULL,0,0,0,NULL,NULL,NULL),(10,10,NULL,0,0,0,NULL,NULL,NULL),(11,11,NULL,0,0,0,NULL,NULL,NULL),(12,12,NULL,0,0,0,NULL,NULL,NULL),(13,13,NULL,0,0,0,NULL,NULL,NULL),(14,14,NULL,0,0,0,NULL,NULL,NULL),(15,15,NULL,0,0,0,NULL,NULL,NULL),(16,16,NULL,0,0,0,NULL,NULL,NULL),(17,17,NULL,0,0,0,NULL,NULL,NULL),(18,18,NULL,0,0,0,NULL,NULL,NULL),(19,19,NULL,0,0,0,NULL,NULL,NULL),(20,20,NULL,0,0,0,NULL,NULL,NULL),(21,21,NULL,0,0,0,NULL,NULL,NULL),(22,22,NULL,0,0,0,NULL,NULL,NULL),(23,23,NULL,0,0,0,NULL,NULL,NULL),(24,24,NULL,0,0,0,NULL,NULL,NULL),(25,25,NULL,0,0,0,NULL,NULL,NULL),(26,26,NULL,0,0,0,NULL,NULL,NULL),(27,27,NULL,0,0,0,NULL,NULL,NULL),(28,28,NULL,0,0,0,NULL,NULL,NULL),(29,29,NULL,0,0,0,NULL,NULL,NULL),(30,30,NULL,0,0,0,NULL,NULL,NULL),(31,31,NULL,0,0,0,NULL,NULL,NULL),(32,32,NULL,0,0,0,NULL,NULL,NULL),(33,33,NULL,0,0,0,NULL,NULL,NULL),(34,34,NULL,0,0,0,NULL,NULL,NULL),(35,35,NULL,0,0,0,NULL,NULL,NULL),(36,36,NULL,0,0,0,NULL,NULL,NULL),(37,37,NULL,0,0,0,NULL,NULL,NULL),(38,38,NULL,0,0,0,NULL,NULL,NULL),(39,39,NULL,0,0,0,NULL,NULL,NULL),(40,40,NULL,0,0,0,NULL,NULL,NULL),(41,41,NULL,0,0,0,NULL,NULL,NULL),(42,42,NULL,0,0,0,NULL,NULL,NULL),(43,43,NULL,0,0,0,NULL,NULL,NULL),(44,44,NULL,0,0,0,NULL,NULL,NULL),(45,45,NULL,0,0,0,NULL,NULL,NULL),(46,46,NULL,0,0,0,NULL,NULL,NULL),(47,47,NULL,0,0,0,NULL,NULL,NULL),(48,48,NULL,0,0,0,NULL,NULL,NULL),(49,49,NULL,0,0,0,NULL,NULL,NULL),(50,50,NULL,0,0,0,NULL,NULL,NULL),(51,51,NULL,0,0,0,NULL,NULL,NULL),(52,52,NULL,0,0,0,NULL,NULL,NULL);
/*!40000 ALTER TABLE `throttle` ENABLE KEYS */;
UNLOCK TABLES;

--
-- Table structure for table `users`
--

DROP TABLE IF EXISTS `users`;
/*!40101 SET @saved_cs_client     = @@character_set_client */;
/*!40101 SET character_set_client = utf8 */;
CREATE TABLE `users` (
  `id` int(10) unsigned NOT NULL AUTO_INCREMENT,
  `email` varchar(255) COLLATE utf8_unicode_ci NOT NULL,
  `password` varchar(255) COLLATE utf8_unicode_ci NOT NULL,
  `first_name` varchar(255) COLLATE utf8_unicode_ci DEFAULT NULL,
  `last_name` varchar(255) COLLATE utf8_unicode_ci DEFAULT NULL,
  `address` varchar(255) COLLATE utf8_unicode_ci DEFAULT NULL,
  `phone` varchar(255) COLLATE utf8_unicode_ci DEFAULT NULL,
  `place_id` int(10) unsigned DEFAULT NULL,
  `oib` varchar(20) COLLATE utf8_unicode_ci DEFAULT NULL,
  `permissions` text COLLATE utf8_unicode_ci,
  `activated` tinyint(1) NOT NULL DEFAULT '0',
  `activation_code` varchar(255) COLLATE utf8_unicode_ci DEFAULT NULL,
  `activated_at` timestamp NULL DEFAULT NULL,
  `last_login` timestamp NULL DEFAULT NULL,
  `persist_code` varchar(255) COLLATE utf8_unicode_ci DEFAULT NULL,
  `reset_password_code` varchar(255) COLLATE utf8_unicode_ci DEFAULT NULL,
  `created_at` timestamp NOT NULL DEFAULT '0000-00-00 00:00:00',
  `updated_at` timestamp NOT NULL DEFAULT '0000-00-00 00:00:00',
  PRIMARY KEY (`id`),
  UNIQUE KEY `users_email_unique` (`email`),
  KEY `users_activation_code_index` (`activation_code`),
  KEY `users_reset_password_code_index` (`reset_password_code`)
) ENGINE=InnoDB AUTO_INCREMENT=53 DEFAULT CHARSET=utf8 COLLATE=utf8_unicode_ci;
/*!40101 SET character_set_client = @saved_cs_client */;

--
-- Dumping data for table `users`
--

LOCK TABLES `users` WRITE;
/*!40000 ALTER TABLE `users` DISABLE KEYS */;
INSERT INTO `users` VALUES (1,'igor.gudelj@tvz.hr','$2y$10$1SkTakAjuPF0gAV.D3h/We7ys1vs8vjEZvgw/dwLHMbOwAq6sXGaS','Igor','Gudelj','Boidara Magovca 39','0977670178',10000,'533429941',NULL,1,NULL,NULL,'2014-12-01 00:22:25','$2y$10$vFZnYkQphiF0Akn7k5ctTOqTRjTUvrImzTW5Z3kVPd1aH.aMHgyeO','6Q6BcjNAsk2PSH2MjLvlCqXH6XynIYIOpOEMd5XkmX','2014-12-01 00:21:42','2014-12-01 01:06:15'),(2,'user@tvz.hr','$2y$10$w9cbzINdE3zL2BpChnCBO.JUUm6/e0BxddwQ3kRyzAUgphsaLIDPy','John','Doe','Random Street 3','0977670178',10000,'81422478817',NULL,1,NULL,NULL,'2014-12-01 00:23:20','$2y$10$UJY.mI711T/Tbfx238npyuZUOB0rCBCRbAedcRbgKp6yLJbk9oiue',NULL,'2014-12-01 00:21:42','2014-12-01 00:23:20'),(3,'alexandra.spencer@hotmail.com','$2y$10$bgVOX3oLnyDnNYgGh1Tr8.uLztv/k9KS41/wcUCx0Hj7Ppx9G97nG','Dylan','Stark','72384 Cummerata Streets\nWest Rosetta, TX 34881-5872','(944)997-2347x623',10000,'87020044991',NULL,1,NULL,NULL,NULL,NULL,NULL,'2014-12-01 00:21:42','2014-12-01 00:21:42'),(4,'beier.rachel@fritsch.com','$2y$10$aiHhitw1qW/Sb0WgB9fJfOuK.27oQwayz//Nc9jd7hmJH.oIhgsii','Sanford','Bailey','07360 Josiah Unions Suite 454\nSouth Amy, ND 83671','769.579.8280x343',10000,'44346970869',NULL,1,NULL,NULL,NULL,NULL,NULL,'2014-12-01 00:21:43','2014-12-01 00:21:43'),(5,'marcia44@yahoo.com','$2y$10$DvOXHBrisRs1Ir4UA28Riu3EjlwA0r0rVTp7dwnJ67.UkDlyeNErC','Lucile','Gerhold','508 Rosa Ways\nNorth Kendra, WY 40274-4706','376-684-9374x70816',10000,'56112064234',NULL,1,NULL,NULL,NULL,NULL,NULL,'2014-12-01 00:21:43','2014-12-01 00:21:43'),(6,'pedro.treutel@crona.com','$2y$10$9nFHR/ttncZkCYbyuF7WO.p78CNygCz674mcIgXLOoLLBQqNHyDUe','Catherine','Corwin','769 Huels Road Apt. 583\nHodkiewiczmouth, MN 34292-4121','091.655.8452',10000,'63393950343',NULL,1,NULL,NULL,NULL,NULL,NULL,'2014-12-01 00:21:43','2014-12-01 00:21:43'),(7,'eladio76@hotmail.com','$2y$10$nn31.icCZspjq6yAwq6ig.FuGaT4zB82gpbywg3Xna82B8fKLPuYK','Johnny','D\'Amore','74089 Clarissa Avenue Apt. 175\nReingerview, AZ 97155','+85(4)0011134140',10000,'98126285779',NULL,1,NULL,NULL,NULL,NULL,NULL,'2014-12-01 00:21:43','2014-12-01 00:21:43'),(8,'zcummerata@gmail.com','$2y$10$NFvRVqO5IkKC.dxVGVBwjeuu6G4xlo4gFapcqLnIblTPVbj.lWEtK','Denis','Heller','6100 Ocie Mission\nNew Nicolas, MT 92127','554.996.7171',10000,'12109455662',NULL,1,NULL,NULL,NULL,NULL,NULL,'2014-12-01 00:21:43','2014-12-01 00:21:43'),(9,'alba55@grant.com','$2y$10$5LrAlZCjbl8gJoFAJ3IBouyngKZosavheKJ5UAZn0HMEraA/stIuK','Antonietta','Predovic','83425 Ziemann Run\nLorenzotown, VA 51393','1-848-152-2988x3949',10000,'94228198912',NULL,1,NULL,NULL,NULL,NULL,NULL,'2014-12-01 00:21:43','2014-12-01 00:21:43'),(10,'keebler.coleman@gmail.com','$2y$10$wKweM5OnVvFECzL6J9cxXONThCShjewm0uxE/9rtghnLFRZneIaFm','Victoria','Gaylord','698 Theodore Prairie\nTheronville, MN 34802-5851','126.883.8696x3211',10000,'89950736213',NULL,1,NULL,NULL,NULL,NULL,NULL,'2014-12-01 00:21:43','2014-12-01 00:21:43'),(11,'zhudson@hotmail.com','$2y$10$W3eGt.SbbqRW.0X9NysyAuIpujez0sds88u.tFtwTJ6mKvg8drMvS','Alena','Schuppe','9160 Wolff Springs Apt. 786\nNew Walton, OH 55480','(338)854-1964x0845',10000,'22159669102',NULL,1,NULL,NULL,NULL,NULL,NULL,'2014-12-01 00:21:43','2014-12-01 00:21:43'),(12,'schuster.kavon@littlekoelpin.com','$2y$10$cGW2b7yvyJvwnJQdaczKkuNXtvGk640MCR.QyFuPWAgRSRASFH5CO','Noble','Sauer','026 Meaghan Rest Apt. 152\nGreenchester, AZ 34738-9493','(222)041-6323',10000,'28153693642',NULL,1,NULL,NULL,NULL,NULL,NULL,'2014-12-01 00:21:43','2014-12-01 00:21:43'),(13,'charlene.rau@gmail.com','$2y$10$Ke.WoAI.i9M28Tdta7geLuRUiq0.2tOEdy5sQNkpMkBt6QsT5nKja','Alvena','Tillman','350 Lew Pike\nTheresiamouth, DC 21688-1574','405-269-3816x8916',10000,'78972232173',NULL,1,NULL,NULL,NULL,NULL,NULL,'2014-12-01 00:21:44','2014-12-01 00:21:44'),(14,'brannon67@hotmail.com','$2y$10$yqetKrbL/CpnHRgKCRtScOkv94kw8Q3KRxo0BY8MlnJHr8tLmxpFq','Cedrick','Maggio','064 Skyla Harbors\nWest Autumn, CA 36404-3426','(891)304-6861x6573',10000,'45492785846',NULL,1,NULL,NULL,NULL,NULL,NULL,'2014-12-01 00:21:44','2014-12-01 00:21:44'),(15,'jewell.kihn@hotmail.com','$2y$10$q1ytmNXPTHshLd9k3zP9HO3KQNrFdVL1Ruzhc/KgFVGaAoaNLBst6','Barton','Considine','969 Hudson Brooks\nPort Zachariah, NY 40032','1-223-323-0116x202',10000,'16345070631',NULL,1,NULL,NULL,NULL,NULL,NULL,'2014-12-01 00:21:44','2014-12-01 00:21:44'),(16,'audie11@dare.com','$2y$10$/qPC4Y85oGitsnKRFAdvmOm7y6U5BrULSiDKQt0xqe6YPcafkGZA6','Reymundo','Abernathy','826 Ted Run Apt. 816\nDietrichstad, AL 50350-7366','538-645-2644x332',10000,'77701546668',NULL,1,NULL,NULL,NULL,NULL,NULL,'2014-12-01 00:21:44','2014-12-01 00:21:44'),(17,'annamae.weber@yahoo.com','$2y$10$0GpQe5uI3IWvabk37Mv49OmJJSVI1KScOC1BYZ/GmZYe7qhRXemPG','Mckenna','Blick','36103 Isom Turnpike\nWymanstad, IN 21647','211.612.8112x04074',10000,'52123935670',NULL,1,NULL,NULL,NULL,NULL,NULL,'2014-12-01 00:21:44','2014-12-01 00:21:44'),(18,'vinnie.cremin@pfannerstill.com','$2y$10$dy1wNBw3NU3GOrR.lSJbiOjKGLBoW.0k/NmHwCa0jgE9fPcJNiFdO','Roberta','Wehner','2810 O\'Connell Lake\nWillamouth, ID 49418-3768','(780)020-8131x24421',10000,'53690725544',NULL,1,NULL,NULL,NULL,NULL,NULL,'2014-12-01 00:21:44','2014-12-01 00:21:44'),(19,'iolson@hotmail.com','$2y$10$iePPjFxh0ryEAA8qOcPB4OH5fn0sXsJSZMFwpuNNZwx/ZLCm8bLp2','Era','Flatley','67328 Marian Junction\nBashiriantown, NY 12226-3391','(761)113-7150',10000,'42551362280',NULL,1,NULL,NULL,NULL,NULL,NULL,'2014-12-01 00:21:44','2014-12-01 00:21:44'),(20,'kassulke.esteban@gmail.com','$2y$10$27WaBJHH0OKH5ID82B5xXuUAiSmUuT7papK5BVrXTPf4ha.muxp/O','Demarcus','Kilback','976 Margret Unions Suite 232\nWest Johathanside, OK 62615','(341)090-1155',10000,'14876761550',NULL,1,NULL,NULL,NULL,NULL,NULL,'2014-12-01 00:21:44','2014-12-01 00:21:44'),(21,'dpurdy@hotmail.com','$2y$10$JfcPsayGMfIMwokxKXBide5YKmvX.1fqlWSh8gxVtHHdz.BdP/sOC','Carroll','Johns','1087 Rosendo Locks Suite 234\nJohnstonmouth, HI 10281-8985','1-041-302-7781',10000,'95094975231',NULL,1,NULL,NULL,NULL,NULL,NULL,'2014-12-01 00:21:44','2014-12-01 00:21:44'),(22,'lconroy@brekke.net','$2y$10$pDjYLJZHAP8MKzXx8MnzQO2H/cPrdmsuZX1Bte604AJhHKDrkBj5S','Gerry','McKenzie','74746 Kaitlyn Lake\nEast Eltaside, MD 14907-5757','+25(5)2198241267',10000,'51031174156',NULL,1,NULL,NULL,NULL,NULL,NULL,'2014-12-01 00:21:45','2014-12-01 00:21:45'),(23,'hodkiewicz.stone@windlerglover.biz','$2y$10$SczKOoYqAg07Exe3.wR5FOrIxgu4T5MJVallsigb0Uxbp82GIGEbO','Arielle','Leuschke','3111 Strosin Mountain\nSchneiderville, ND 34955','03909084089',10000,'5819657059',NULL,1,NULL,NULL,NULL,NULL,NULL,'2014-12-01 00:21:45','2014-12-01 00:21:45'),(24,'efrain38@cummings.com','$2y$10$o.8uCA2vJCsphCAg3HrV2Ou9UaFxKfbAm43HgDTKwX/HgMCn/wlrK','Brionna','Sauer','3041 Ankunding Mall\nNew Eramouth, VA 69382','1-402-549-3763x483',10000,'12889929880',NULL,1,NULL,NULL,NULL,NULL,NULL,'2014-12-01 00:21:45','2014-12-01 00:21:45'),(25,'owindler@huel.info','$2y$10$i53GGDpctT4zWQAsB5BmP.YT5IDWxFzCz6WIUgVHuz1eg0CHnsimq','Brittany','Torp','3044 Luettgen Port\nBeattyview, AR 77580-2198','1-917-850-2016',10000,'50511728779',NULL,1,NULL,NULL,NULL,NULL,NULL,'2014-12-01 00:21:45','2014-12-01 00:21:45'),(26,'nitzsche.ila@yahoo.com','$2y$10$/CzFcdQuVo3HlTPb6lVINeDCsdxCTz57tfZTa/fHYPm/9uEyYWXhC','Lindsay','Rosenbaum','162 Keegan Springs\nNew Rosetta, IL 88403-5260','322-960-9768',10000,'49696730924',NULL,1,NULL,NULL,NULL,NULL,NULL,'2014-12-01 00:21:45','2014-12-01 00:21:45'),(27,'ellsworth.kautzer@kassulke.com','$2y$10$pz8op0K9CkglvfhUHRh.oeOiY7R4eY1FsWlAJRdqv3OrUoBZu7wnm','Jude','Jakubowski','1644 Welch Squares Apt. 375\nKipland, GA 38092-0441','07529641017',10000,'83784895133',NULL,1,NULL,NULL,NULL,NULL,NULL,'2014-12-01 00:21:45','2014-12-01 00:21:45'),(28,'madalyn24@gmail.com','$2y$10$nBioKdLT8qwpkAZEQciokeOsmilAW4HBeQh4xSZ6T0el3jKY4T3bq','Friedrich','Kessler','4324 Felipa Inlet\nLake Marianashire, NE 85943','271-973-8160',10000,'71988035161',NULL,1,NULL,NULL,NULL,NULL,NULL,'2014-12-01 00:21:45','2014-12-01 00:21:45'),(29,'oberbrunner.roxanne@spencer.com','$2y$10$Nz6YpoDYX7TQwjS44pkCKelUiaJYhiwkiF7kKoFgQocR40YGUJYLi','Marquise','Bogisich','782 Mikel Shore Suite 855\nMatteoview, ND 11671','09878741598',10000,'23455485369',NULL,1,NULL,NULL,NULL,NULL,NULL,'2014-12-01 00:21:45','2014-12-01 00:21:45'),(30,'yazmin.leffler@gmail.com','$2y$10$7.yFld9fpAZhDC0OmeKyaObLp63HCgPuMocRaienXVTf2Q9k7eQ7G','Eulalia','Crist','82574 Domenic Trace Suite 792\nWest Ryann, IA 11454','518.183.4900x38170',10000,'45316259815',NULL,1,NULL,NULL,NULL,NULL,NULL,'2014-12-01 00:21:46','2014-12-01 00:21:46'),(31,'kenyon80@hotmail.com','$2y$10$7BErXsYH1lxcMF/W850A9eUkcvtrChJiDiWSXw2DWrsHj0.YRS8FW','Emory','Kassulke','9082 Aaliyah Row Suite 222\nSouth Elbert, ND 65679-8189','02044572867',10000,'39767489191',NULL,1,NULL,NULL,NULL,NULL,NULL,'2014-12-01 00:21:46','2014-12-01 00:21:46'),(32,'schamberger.brandy@hotmail.com','$2y$10$EFIynTgVlxU2RKFlOwGbbeKMB7DEnF5Fv04XSGpr0sHFZW3roPBH.','Makenna','Hills','9224 Willms Common Apt. 056\nNorth Sterlingview, AR 66041','536-611-0890',10000,'7708522114',NULL,1,NULL,NULL,NULL,NULL,NULL,'2014-12-01 00:21:46','2014-12-01 00:21:46'),(33,'friesen.ignatius@fritsch.com','$2y$10$Tb/VtRkl5AVMq0z69Smgu.I6iE5.IXh8Wv32ePQSJb2dcon84TMsK','Marty','Conn','366 Kianna Plains Apt. 768\nNew Kolbymouth, AZ 11480-3826','336.643.8456x66223',10000,'1578515245',NULL,1,NULL,NULL,NULL,NULL,NULL,'2014-12-01 00:21:46','2014-12-01 00:21:46'),(34,'santina92@brakus.com','$2y$10$7c61sSasSEFN1QIIoVu9vOLMvP.P6bxOU4DQX8jrN4ElzNGo4PgL.','Marlen','Blick','28704 Brandt Fall Apt. 029\nKeelingmouth, VA 47047-6508','931.183.6584',10000,'91793980238',NULL,1,NULL,NULL,NULL,NULL,NULL,'2014-12-01 00:21:46','2014-12-01 00:21:46'),(35,'thermiston@yahoo.com','$2y$10$SpktluUUD3zVxIW98aluL.cVE60IvulD/5wFQg8CKmwop12UkQUf2','Kaela','Bailey','185 Jalon River\nPort Nikki, KY 43283-0315','784-270-7096',10000,'10521538611',NULL,1,NULL,NULL,NULL,NULL,NULL,'2014-12-01 00:21:46','2014-12-01 00:21:46'),(36,'bert23@okon.net','$2y$10$H4ckRR4v2fKytDlXHxIsNOPgPcpQtTnVQRyhb4wjYEFKywIEEtccy','Travis','Bartoletti','65471 Trey Hills\nWest Helga, MI 57569','769-258-7314x0172',10000,'2334657921',NULL,1,NULL,NULL,NULL,NULL,NULL,'2014-12-01 00:21:46','2014-12-01 00:21:46'),(37,'isimonis@padberg.org','$2y$10$Zz778ozsotyC..U3d4hrkeZ.CceInzlkyurT318dgBGf8ng68WKSW','Brando','Hilll','872 Claude Forge Suite 225\nKirlintown, MI 04424','(999)678-2965x5112',10000,'68401685138',NULL,1,NULL,NULL,NULL,NULL,NULL,'2014-12-01 00:21:46','2014-12-01 00:21:46'),(38,'douglas.erika@hotmail.com','$2y$10$Zr7tgtdSDdiSQP8EOI/fUOxdUj3rEeIoEMrdgoX8z.zs/AK41BOD.','Eliane','Klein','9027 Rohan Cliff Apt. 687\nCasimirstad, SC 51745','242-034-0218x35556',10000,'57881520881',NULL,1,NULL,NULL,NULL,NULL,NULL,'2014-12-01 00:21:46','2014-12-01 00:21:46'),(39,'breanna38@kutchschowalter.info','$2y$10$WNnmZCyJFJu0sFOKBwxhxOlBMOzk7ZzCu50cxhDfqTXqMIxOGxHNW','Rashad','Zieme','7138 Price Creek Apt. 874\nFranciscotown, ID 63490','04777679724',10000,'20551460522',NULL,1,NULL,NULL,NULL,NULL,NULL,'2014-12-01 00:21:47','2014-12-01 00:21:47'),(40,'oebert@gmail.com','$2y$10$odlc/9SW7GIPd4wZk03DkO.lD2LO9.IaqcPvKf/zOYjv4VP9wR7gS','Alison','Toy','56515 Blanda Fork\nLeonstad, UT 68500-0293','206.851.8003x8305',10000,'7553451177',NULL,1,NULL,NULL,NULL,NULL,NULL,'2014-12-01 00:21:47','2014-12-01 00:21:47'),(41,'yesenia.lehner@hudson.com','$2y$10$drDsE33odG5jkfNvt78k5Osz2lzBk4/c95gv/BqyNVfiD7q06iE3O','Shaun','Kris','26781 Bernhard Extensions\nRoyalhaven, WV 51155','1-761-752-5444',10000,'16536329810',NULL,1,NULL,NULL,NULL,NULL,NULL,'2014-12-01 00:21:47','2014-12-01 00:21:47'),(42,'nhoeger@yahoo.com','$2y$10$o.nElil8Xn.Lydu6caJ3c.RenrjpbC44UFMeHMj2e1lG13ppKXy9G','Finn','Altenwerth','4663 Leannon Street\nWest Shanny, AK 54764','153.678.4271x1300',10000,'91333779863',NULL,1,NULL,NULL,NULL,NULL,NULL,'2014-12-01 00:21:47','2014-12-01 00:21:47'),(43,'callie.wuckert@yahoo.com','$2y$10$eM18Gt.Ovgvwsce1yGAsSeY9fN/7vUeNmFO/AOlu2c3MF.MwKZyRy','Elvera','Stark','891 Tremblay Estates Suite 993\nLake Jeradmouth, MI 93012','997.875.5648x321',10000,'55467954409',NULL,1,NULL,NULL,NULL,NULL,NULL,'2014-12-01 00:21:47','2014-12-01 00:21:47'),(44,'jana56@gmail.com','$2y$10$1cZ/g9.KFwOFLfX965GYQ.9IhFoqkGEwDm7YTnjOGNGnkxuTX4DHG','Luther','Kirlin','675 Daniel Crescent Suite 323\nHeidenreichbury, OK 04735','527.750.5768x524',10000,'29114069164',NULL,1,NULL,NULL,NULL,NULL,NULL,'2014-12-01 00:21:47','2014-12-01 00:21:47'),(45,'rbarton@hotmail.com','$2y$10$wdVmN9hwJjW9sZ4DoFKApeFC9gcpWznln5PBNhHHiTYstmUkcSh4S','Brisa','Ortiz','49378 Melissa Groves\nMercedesport, MS 35143','(666)652-1606',10000,'15437523220',NULL,1,NULL,NULL,NULL,NULL,NULL,'2014-12-01 00:21:47','2014-12-01 00:21:47'),(46,'ekrajcik@hotmail.com','$2y$10$RW856a50UuKOAb3QLBRg1ujJfbUVKToVSkrzH5hZ2.7Z7JULypccO','Anika','Gorczany','7482 Ricardo Orchard Apt. 158\nSouth Elouisefurt, ND 85580','1-914-208-8492x144',10000,'60883433889',NULL,1,NULL,NULL,NULL,NULL,NULL,'2014-12-01 00:21:47','2014-12-01 00:21:47'),(47,'wbradtke@bechtelar.info','$2y$10$zBskOoLTHyO41jQg6rzVBORN/jZekbWqAoMeZZoqx2YLp2NSAx.xq','Alfonzo','Fahey','78101 Joshua Turnpike\nRonaldostad, OR 84300-8391','663.027.1367',10000,'28321612581',NULL,1,NULL,NULL,NULL,NULL,NULL,'2014-12-01 00:21:47','2014-12-01 00:21:47'),(48,'constance.haag@gmail.com','$2y$10$E04/lUEXraK1FizpCG2mXOvwYYDBe6Rb0SgU6RbovqurOwUi7wtNG','Kimberly','Greenholt','56641 Shields Center\nEast Clotilde, ND 03313-1978','(155)577-0934x56742',10000,'81042971214',NULL,1,NULL,NULL,NULL,NULL,NULL,'2014-12-01 00:21:47','2014-12-01 00:21:47'),(49,'esmeralda94@yahoo.com','$2y$10$CPCRyTuyT8itFs27tjcAk.P9FmVb2YcWLXj1/Ndja9ntjbEtMg.3a','Audrey','Cole','114 McGlynn Extensions\nGerlachmouth, NE 60014','1-197-951-2771x7236',10000,'968323817',NULL,1,NULL,NULL,NULL,NULL,NULL,'2014-12-01 00:21:47','2014-12-01 00:21:47'),(50,'kelvin.stehr@hotmail.com','$2y$10$a8Q3aMnqflgC58dDIG2KWOeHbQIyjYiZ.abFZTZ.7W79MFkYpYUNW','Kiara','Reichert','2439 Rice Fall\nNorth Ariannaport, MO 83755-6569','09758211036',10000,'92977431231',NULL,1,NULL,NULL,NULL,NULL,NULL,'2014-12-01 00:21:48','2014-12-01 00:21:48'),(51,'golden30@gmail.com','$2y$10$E8n4yF1cuwRcDmKHDxmX4.urrLlV7gWMstA2z9D/o4HO9cD0Bbxd2','Carol','West','65936 Terrance Spurs\nPort Ursulamouth, CO 94129-8663','471.059.1812',10000,'13823561766',NULL,1,NULL,NULL,NULL,NULL,NULL,'2014-12-01 00:21:48','2014-12-01 00:21:48'),(52,'citlalli79@yahoo.com','$2y$10$mOFqGeBjYYdDDVL3mgq8tuPAmAFuY1SNZCy.4bLpL3xuxuaVYqYMe','Mavis','Douglas','3704 Jakob Springs\nSwaniawskimouth, LA 75719-9228','1-758-072-0169x894',10000,'91000828968',NULL,1,NULL,NULL,NULL,NULL,NULL,'2014-12-01 00:21:48','2014-12-01 00:21:48');
/*!40000 ALTER TABLE `users` ENABLE KEYS */;
UNLOCK TABLES;

--
-- Table structure for table `users_groups`
--

DROP TABLE IF EXISTS `users_groups`;
/*!40101 SET @saved_cs_client     = @@character_set_client */;
/*!40101 SET character_set_client = utf8 */;
CREATE TABLE `users_groups` (
  `user_id` int(10) unsigned NOT NULL,
  `group_id` int(10) unsigned NOT NULL,
  PRIMARY KEY (`user_id`,`group_id`)
) ENGINE=InnoDB DEFAULT CHARSET=utf8 COLLATE=utf8_unicode_ci;
/*!40101 SET character_set_client = @saved_cs_client */;

--
-- Dumping data for table `users_groups`
--

LOCK TABLES `users_groups` WRITE;
/*!40000 ALTER TABLE `users_groups` DISABLE KEYS */;
INSERT INTO `users_groups` VALUES (1,1),(2,2),(3,2),(4,2),(5,2),(6,2),(7,2),(8,2),(9,2),(10,2),(11,2),(12,2),(13,2),(14,2),(15,2),(16,2),(17,2),(18,2),(19,2),(20,2),(21,2),(22,2),(23,2),(24,2),(25,2),(26,2),(27,2),(28,2),(29,2),(30,2),(31,2),(32,2),(33,2),(34,2),(35,2),(36,2),(37,2),(38,2),(39,2),(40,2),(41,2),(42,2),(43,2),(44,2),(45,2),(46,2),(47,2),(48,2),(49,2),(50,2),(51,2),(52,2);
/*!40000 ALTER TABLE `users_groups` ENABLE KEYS */;
UNLOCK TABLES;
/*!40103 SET TIME_ZONE=@OLD_TIME_ZONE */;

/*!40101 SET SQL_MODE=@OLD_SQL_MODE */;
/*!40014 SET FOREIGN_KEY_CHECKS=@OLD_FOREIGN_KEY_CHECKS */;
/*!40014 SET UNIQUE_CHECKS=@OLD_UNIQUE_CHECKS */;
/*!40101 SET CHARACTER_SET_CLIENT=@OLD_CHARACTER_SET_CLIENT */;
/*!40101 SET CHARACTER_SET_RESULTS=@OLD_CHARACTER_SET_RESULTS */;
/*!40101 SET COLLATION_CONNECTION=@OLD_COLLATION_CONNECTION */;
/*!40111 SET SQL_NOTES=@OLD_SQL_NOTES */;

-- Dump completed on 2014-12-01  3:27:15
